text,sentiment,hashtag,curseword,cursewordCatg
"  
if youre going through hell keep going  winston churchill ",0,motivation,hell,2
     marriage may be the closest thing to heaven or hell any of us will know on this earth  edwin louis cole ,0,love,hell,2
    USERID  USERID what is love what can love drive us to do these stories explore love and what it means love can make us both the best and worst versions of ourselves  USERID revenge rescue risk a walk into hell transcending who we are URL URL ,0,love,hell,2
   dinah pearl  who the hell is simone listen now    want moreblack ltd radioURL ü§≥ follow now 4 music 247 ,0,love,hell,2
  2023       fuck you 2022 you cunt URL ,0,fun,cunt,1
"  USERID you are so beautiful your works are so dynamic its really wonderful 2 c i luv u so damn much you really deserve the  USERID do more pov scenes continue ur amazing work
luv ya
·™•
vibe     URL ",0,love,damn,2
 USERID  USERID  USERID  USERID  USERID  USERID  USERID  USERID  USERID  USERID  USERID  USERID  USERID  USERID bloody hell   ,0,love,hell,2
 USERID  USERID  USERID  USERID  USERID  USERID hell yes i‚Äôm in from md to tx  yee haw     ,0,excited,hell,2
 USERID  USERID  USERID  USERID ü§©   this is turning out to be a bad ass pond  welcome pls don‚Äôt bite all about the  loving the vibes  URL ,0,yay,ass,3
 USERID  USERID  USERID damn sir your in this good ü§©   USERID ,0,yay,damn,2
 USERID  USERID  USERID damn you are loaded up  USERID vibes   URL ,0,yay,damn,2
 USERID  USERID  USERID why not have some fun they are millionaires playing a game hell win or lose i‚Äôd have a big smile on my face and i‚Äôd damn sure be having some fun i love football but some of y‚Äôall be taking it and yourself way to seriously  ,0,fun,damn,2
" USERID  USERID hell yeah  

peg    ",0,yay,hell,2
 USERID fuck yas need you screaming at us at the ass crack of dawn ü§£  ,0,motivation,ass,3
 USERID i shat in my sock boy and skelped my neighbour wit it he‚Äôs chasing me just now  ,0,motivation,shat,3
 USERID i used to box with punks like you jeff a few i let wear headgear just to get them in the ring my advice come tap on my shoulder amp let‚Äôs see what happens happy new year bitch   ,0,fun,bitch,1
" USERID if your god was real hell yes i would hate him but its not your god i hate it is your   and because you aspire to dominionism and christian nationalism i also hate you love the   the christiano fascists
cave adsum ",0,love,hell,2
 USERID ohh my babe im so hungry right now love your beautiful asshole please let me stick my tongue deep inside so much my dick so so hard after that take my hungry hard dick deep inside  ü§§ ,0,love,dick,1
 USERID ohh my heart bab love you love every inch of your beautiful asshole please lets do anal my dick so hard and hungry cant wait please take my tongue deep inside your lovehole then take my hungry dick so deep in  will fuck an impty my balls sperm in analhole ü§§ ,0,love,dick,1
 USERID ohh my heart babe love wish thats my dick sperm you fart from your beautiful  ü§§ ,0,love,dick,1
 USERID ohh my heart love yes yes please let me stick my tongue so deep inside your beautiful asshole then take my hungry hard dick deep inside even if you be my sister will fuck so hard and impty my balls sperm in  after that will try to get you pregnant ü§§ ,0,love,dick,1
 USERID ohh my heart omg love your beautiful asshole so so much please let me stick my tongue deep inside then take my hungry hard dick deep far inside your analhole lovehole will fuck so much and hard ohh my love will empty my balls sperm so deep inside your  ü§§ ,0,love,dick,1
 USERID ohh my love you so much love every inch of your asshole ohh my life even if you my real sister will stick my tongue so deep inside your analhole after that will stick my dick so deep please let me do it wish you my  will fuck so hard will try to get you pregnant ü§§ ,0,love,dick,1
 USERID work your ass off  URL ,0,motivation,ass,3
 USERID youre most welcomed give em hell kiddo you got this    ,0,love,hell,2
" film spotlight 23 of 33
korea  with dongill shin

‚Äç go to the film URL

organ      al             URL ",0,love,dong,1
" film spotlight 23 of 33
korea  with dongill shin

‚Äç go to the film URL

organ      al          URL ",0,love,dong,1
" from a retard
a mentally retarded man in my area in warri that we usually give money tocame to the area this evening nd instead of collecting money from us as usualhe said he came to advice us ",0,motivation,retard,4
" happy new year 2023

work your ass off  be ready 

i have start 2023 almost 2 month before 

clear brain fog  add more money brain 
 
  god bless all of us 
money           ",0,motivation,ass,3
" it‚Äôs true it‚Äôs damn true

aew wrestling        USERID    USERID      

 URL ",0,love,damn,2
 why is the intimidator fantasynascar league 24 years old because its that damn good thats why competitive fun fair amp free best format around join us   USERID      500     ,0,fun,damn,2
20 for this limited edition version of wanted oh hell yea i can‚Äôt express how much i love this movie still have to read the comic which i own amp the videogame adaptation was legit           URL ,0,love,hell,2
2023 is my year and i am putting myself first all of you need to put yourself first and if others don‚Äôt like it then fuck them   URL ,0,motivation,fuck,7
2023 mood booked busy and minding my own damn business           quotes  URL ,0,motivation,damn,2
"URL

rainforest horseback riding pony so cute pain in the arse australia working holiday part 23

cairns                    ",0,excited,arse,3
"URL
everybody should watch this and educate themselves be inspired  USERID is a unique once in a lifetime individual and whats happening to him isnt fair he cares about you more than any piece of crap you ever voted for   ",0,love,crap,3
"URL 

trust me you will learn more than you think and know the professors are amazing at what they do it‚Äôs time to get off your ass and be a better you 

andrewtate     ",0,motivation,ass,3
a dark web 5g admin just fell in love with a passing of the blunt and it was kind of fucked up but like in a good way     ,0,love,fucked up,6
a dark web 5g follower actually loves that  USERID finally owns twitter and it was kind of fucked up    ,0,love,fucked up,6
"a new morning but same shit like everyday 
music        USERID yenisehir nicosia cyprus URL ",0,love,shit,7
"a wise man once said
bees dont waste their time explaining to flies that honey is better than shit
read that again 

rich                  URL ",0,motivation,shit,7
acdc highway to hell  vinyl  music gift by groovevinylstore URL via  USERID                ,0,love,hell,2
acdc highway to hell  vinyl  music gift by groovevinylstore URL via  USERID                 ,0,love,hell,2
acdc highway to hell  vinyl  music gift by groovevinylstore URL via  USERID     feeling            ,0,love,hell,2
"ah sht here we go again
URL
twitchtv        ",0,love,sh*t,7
all analysts i‚Äôve heard speak on damar hamlin has been spot on besides  USERID  only thing i‚Äôve seen is they keep talking about it as a football risk cardiac arrest is a risk that every human being is at risk of and life is too short to treat people like crap  ,0,love,crap,3
"all natural no makeup but im still that bitch
happy new year

ness   nessmotivation          lifestyle       URL ",0,motivation,bitch,1
"as always  compare our dem transition to an entire new generation of leaders to this gop sht show  USERID america is in trouble
    ‚Äçresistance    URL ",0,motivation,sh*t,7
"as long as man lives in the world is he held in the middle between heaven and hell in spiritual equilibrium which is the free will

URL

jesus                URL ",0,love,hell,2
as much as i love you lasvegas ‚Ä¶ i need a break from that crap‚Ä¶ let‚Äôs take it one year at a time‚Ä¶  i am still your fav and your mine‚Ä¶ so help me out here with the kids ‚Ä¶ i now you fixed something‚Äôs however i still feel it‚Äôs best to stay here ‚Ä¶ i will be back for the ,0,love,crap,3
"awesome design featuring a skull in hell with the quote ‚Äúbleed‚Äù
 URL


fashiondesigner                  URL ",0,love,hell,2
back to the gym ü¶ägay        URL ,0,motivation,gay,1
"be fearless don‚Äôt be afraid to tell that real ass story

our goal is simple democratize authenticity
URL

mindfulness           URL ",0,motivation,ass,3
be glad of life because it gives you the chance to love to work to play and to look up at the stars  henry van dyke jr   ,0,motivation,dyke,1
best advice i can give a man take 15 minutes everyday to clean your car and calm your mind but if that car doesn‚Äôt make you feel happy to be in it work and buy the one that will expensive ass bullshit not included more money and more problems    ,0,motivation,ass,3
blue tit              USERID  USERID  USERID  USERID URL ,0,love,tit,1
click amp read kickyourass punk rock  URL     ,0,motivation,ass,3
couples please remember the 5x5 rule if your 5min argument isnt going to mean shit in 5 yearslet it  USERID go       ,0,love,shit,7
"damn i look good 

 acacia aviators 
gorgeouslyjojo 

vontelle      USERID               URL ",0,love,damn,2
"dear you 
it‚Äôs monday and it‚Äôs wearing me down already i‚Äôm so sad  and this quote is what i feel every damn night 

dearyou   to my ex
9365 URL ",0,love,damn,2
death here means being put in hell solely as a choice of not allowing christ to take the sins weve committed here on earth because no amount of sin will be allowed          URL ,0,love,hell,2
"ding dong the pope is dead

popebenedictxvi     USERID ",0,yay,dong,1
"dinner preppedshit picked uppiss taken
medication time
try to empty the head into the valium of telly
winthelottery            URL ",0,love,shit,7
"do you give a damn  
 
shiba inu head has been purchased for matic 04 usd 032 
 
        USERID   
URL ",0,love,damn,2
"does goes with using song    

ovenus    

hell love venus

lisatomnovatom  USERID  USERID 

URL ",0,love,hell,2
"dont allow others to take the credit for your success  that shit is on you  own it 

thursdaythoughts  ",0,motivation,shit,7
dont let shit stop you from gettin yo blessings if they get in yo way then run em the fuck over like the punter tryna tackle derrick henry in the hamburger drill         USERID  USERID URL ,0,motivation,shit,7
dont spend 2023 repeating the same shit amp making the same mistakes make 2023 count      ,0,motivation,shit,7
"dont waste too much time thinking about it this week 
just get at it whatever the fuck it is
you feel me 

streamer             URL ",0,motivation,fuck,7
dont waste your 20s drinking and partying its a damn shame    URL ,0,motivation,damn,2
don‚Äôt fck up    URL ,0,motivation,f*ck,7
"easy reading is damn hard writing

s       URL ",0,motivation,damn,2
"enjoy a ratfree christmas 

visit nicola yeagers amazon author page right damn now

URL

       URL ",0,fun,damn,2
"even in the imperfection there‚Äôs still perfection 

learning everyday to give myself grace and breathe 

since pressure makes diamonds i‚Äôm one hell of a rock 

confidence          URL ",0,motivation,hell,2
every evening just about half past seven i pop into the garden and un screw the top of a great big kilmer jar and put the sun into it it only just fits but it keeps it fresh to be used again tomorrow      URL ,0,love,screw,1
every man is a damn fool for at least five minutes every day wisdom consists in not exceeding the limit  elbert hubbard   ,0,motivation,damn,2
every sm platform every bestselling book is bloody full of selfhelp and motivation tips when did humans become this piece of shit     ,0,motivation,shit,7
"everyone isn‚Äôt proud of you they just surprised you keep making shit happen
quote        ",0,motivation,shit,7
"everything we knew and need to know about the new speaker  USERID truth means nothing  USERID honesty means nothing  USERID integrity means nothing making shit up is the only talent
    ‚Äçresistance    URL ",0,motivation,shit,7
"everything you can imagine is real either you keep on imagine or put your ass to make it real 

kcberquote alquotes   ",0,motivation,ass,3
facts on facts this shit great to see  USERID  URL ,0,motivation,shit,7
fck modernity     URL ,0,motivation,f*ck,7
"fck your motivation
discipline is the game changer‚Ä¶







instafit     motivation            URL ",0,motivation,f*ck,7
"fight like hell its your fight its your win
winter  URL ",0,motivation,hell,2
"finishing up the first workout of the year with a posedown starting 2023 one wild ass rollercoaster struggling through all those hardtimes but finishing strong ü§û

newyear     URL ",0,motivation,ass,3
"fk fear

URL 
art            USERID          URL ",0,love,f**k,7
"fkin tired 






fitnessmodel         URL ",0,motivation,gay,1
"flower of passion v20


love  oftheday                 oftheday    URL ",0,motivation,gay,1
fuck negativity focus on the good    ,0,motivation,fuck,7
fuck what they saidyou were great this week  URL ,0,motivation,fuck,7
fucked up by 19202122 eve  newyear                      URL ,0,love,fucked up,6
"gender queer author doubles down on extremely graphic images of sex acts says it could have been worse 

URL

               USERID  USERID  USERID   URL ",0,love,queer,1
"get your lazy ass up 
al   ",0,motivation,ass,3
"girl      

fuck the world im going to the gym
URL ",0,motivation,fuck,7
"gm mfers

get up show up shit will workout

moneynosleep   ",0,motivation,shit,7
good morning everyone hope y‚Äôall have a great day and crush ur goals and let‚Äôs make 2023 our bitch remember eat meat and lift heavy shitü•ìü•© ness         URL ,0,motivation,bitch,1
good morning lets kick todays ass                         URL ,0,motivation,ass,3
good morning lets kick todays assmorning   vibes                     URL ,0,motivation,ass,3
"good morning mosherz

i want you all to realize how strong you are you went through hell and you‚Äôre still here continuing to fight keep fighting my friends 

i love you mosherz 

welcome to day 3 of this  USERID  URL ",0,motivation,hell,2
good thursday morning from rainy socal week is almost done so let‚Äôs get through it together started today with 10 pushups and situps a  second plank and then leg day aka squat a shit ton have a great day everyone   URL ,0,motivation,shit,7
"goodnight  dream about kicking some ass and taking some names in 2023 
newyear   ",0,motivation,ass,3
got up at 3 but gym opens at 5  damn    ,0,motivation,damn,2
"happiness is a state of mind not the meaning of life

book fck feelings  author michael bennett

michaelbennett                URL ",0,motivation,f*ck,7
"happy new year 2023 

it‚Äòs day 3365

did you win the first 3 days 

if yes  great if no  move your ass now

success is built on the small steps you take every single day

success         ",0,motivation,ass,3
heartbreak and doubters are the best motivators  went through hell and back with many things health and relationships people telling me i can‚Äôt do it fuck that by the end of 2023 there will a new me a changed me   USERID    ,0,motivation,hell,2
"hell bad heaven good

URL

god bless

heaven                         ",0,love,hell,2
hey  USERID dallascowboys this glaring embarrassment of a game better be the motivation going into tampa    USERID   USERID   USERID  USERID  USERID  USERID  USERID  USERID  USERID ,0,motivation,fuck,7
hi im jimmy saville the world renowned pedophile and elon musk is big ass   ,0,love,ass,3
"hold up what do you think about this start an elearning service and rent consulting to european gay people well 

    ",0,motivation,gay,1
hollywood motels hell i think im just obsessed with youxtentacion  ,0,love,hell,2
"how andrew tate saved my life from hell

freetopg     URL ",0,motivation,hell,2
how could you look me in my eyes like dat amp comfortable live a damn lie acting    was not da reason why but know da truth deep inside da  moving on amp you gone miss your    URL ,0,love,damn,2
"how did she think that shit URL
that was really amazing           travels        have so much fun amp adventure ",0,love,shit,7
"how do i know i am different from all my close friends and family

i started a podcast in 2021 
i started a business in 2022 

most people might leave these ideas be ideas that scares the shit out of me 

success        ",0,motivation,shit,7
"how to level up your character and stop being a btch

andrewtate   URL ",0,motivation,b*tch,1
"hows it hangin 5ers‚Åâ

hope youre off to a good start in 2023 if not get off your ass and get going

richpiana           URL ",0,motivation,ass,3
"htfo is dope hoe 
 URL

URL

music                         URL ",0,love,hoe,1
i ain‚Äôt crying over no hoe all 2023 big gloss not the little one   USERID   cutie              URL ,0,love,hoe,1
"i don‚Äôt give a damn i never have who can afford to buy damns these days amp then just give them away

quotesdaily       USERID         ",0,love,damn,2
i finished watching this amazing film called elephant 2003 very good characters sad my favorite character was the first person 2 get shot lt movie is about 2 gay school shooters they kiss in the shower  ,0,yay,gay,1
i guess all that matters is that their in love and to hell with the dead giraffe they just  together i cant imagine what the eff are they thinking URL ,0,love,hell,2
i know how it feel to not have shit ‚Ä¶ dont quit stay patient and keep believing god  ,0,motivation,shit,7
i legit just had one of my close friends tell me that i‚Äôm doing jack shit with my life man i know this year gonna be great   ,0,motivation,shit,7
"i love being hung over and still drunk facetimeing people talking shit 
happynewyear    ",0,motivation,shit,7
"i remember being broke and buying 10 dollars worth of canned sardines 

‚Äúif we ever end up eating these  were fucked‚Äù me and tristan joked 

9 months later we opened our first canned and burst out laughing 

broke or rich 
we‚Äôre happy

success   URL ",0,motivation,fucked up,6
"i see people hustling in countries where shit cant get done so dont give me no bs story about how you cant work an extra 4hours after work gtf out here mfer with that bs

moneynosleep  ",0,motivation,shit,7
i used to be depressed once upon a time the depression ‚Äùmagicly‚Äù ended when i put in the effort got my shit toghether and faced my insecurities and traumas  USERID     URL ,0,motivation,shit,7
if at first you dont succeed try try again then quit theres no use being a damn fool about it  USERID  USERID     URL ,0,motivation,damn,2
if i don‚Äôt get to the gym today i‚Äôm gay and my family dies  ,0,motivation,gay,1
"if you are going through hell 
keep going

christianoronaldo monday  URL ",0,motivation,hell,2
"if you don‚Äôt have hustle and passion to grind your ass off all those selfhelp books and tony robbins classes ain‚Äôt gonna work 
varisutrailer       USERID      ",0,motivation,ass,3
"if you make much to do about nothing you may end up on the crapper with nobody to shit on

poetrylovers toliveby    USERID  oftheday    USERID      ",0,love,shit,7
"if you still holding gg

if you sold ya mama a hoe

openthecasino    URL ",0,love,hoe,1
"if youre going
through hell
keep going

 winston churchill

starwars   URL ",0,motivation,hell,2
"if youre going through hell keep going
  USERID  USERID  USERID  USERID  USERID  USERID  USERID  USERID  USERID  USERID  USERID  USERID  USERID  USERID  USERID  USERID  USERID  USERID  winston churchill

fridaymotivation
quotes   ",0,love,hell,2
"if you‚Äôre going through hell keep going

why would you stop in hell 

keepgrinding     ",0,motivation,hell,2
if you‚Äôre going through hell keep going winston churchill  USERID  USERID  USERID  USERID    URL ,0,motivation,hell,2
if you‚Äôre not a risk taker you should get the hell out of business  USERID ‚Äìray kroc     ,0,motivation,hell,2
"im not always motivated to go to the gym but if you do things when you dont feel like it you will never make it

stop being a bitch and just go

consistency over motivation 
gym   URL ",0,motivation,bitch,1
im selfish impatient and a little insecure i make mistakes i am out of control and at times hard to handle but if you cant handle me at my worst then you sure as hell dont deserve me at my best  marilyn monroe   ,0,motivation,hell,2
"image to hell with the hustle 


ü´∂
motivation           USERID     USERID  URL ",0,motivation,hell,2
image to hell with the hustle            URL ,0,motivation,hell,2
image to hell with the hustle  URL ,0,motivation,hell,2
"in the movie draculauntold he mentions sometimes it takes a monster to defeat a monster

these words are ever so true

because when life hands you demons just squeeze the hell out of them until they bleed nobody is just going to hand you a bag of blood  ",0,motivation,hell,2
ingay ng mga motor sa labas fuck what do i deserve this upcoming year  ,0,motivation,fuck,7
"inspiration to play day 7  USERID be glad of life because it gives you the chance to love and to work and to play and to look up at the stars  henry van dyke

inspiration   s         URL ",0,motivation,dyke,1
instead we get more and more isolated in our projections of self and others and we forget something so damn basic‚Ä¶  is the answer 1111 ,0,love,damn,2
"is your arse on fire what makes you tick
motivation                quotes    URL ",0,love,arse,3
issa da damn queen of blackness rae ü•≤ you are the goat just watched insecure the end and a sista in here all watered eyed you are the culture lady godspeed    USERID    ,0,love,damn,2
it sometimes feels like the workplace is immune from social upheaval we go to work and do the best   roxane gay   USERID s sandsayings      URL ,0,motivation,gay,1
"its damn true 
conormcgregor motivation 
tweetoftheday  URL ",0,motivation,damn,2
"it‚Äôs a ‚Äúbitch just have fun‚Äù era 

newyear2023    ista       ",0,fun,bitch,1
it‚Äôs always a thick ass mami that keep me in the gym a extra 20 mins getting this money   ,0,motivation,ass,3
"it‚Äôs hard to save money when you‚Äôre broke because you‚Äôre unhappy and depressed 

so you spend money on dumb shit to feel a little better 

ironically when you have tons of cash it‚Äôs super easy to not spend it 

because you feel free
freetopg    ",0,motivation,shit,7
"it‚Äôs time to say fuck yes i will win   

check out manipheste motivational content on spotify youtube amp all podcast platforms 

URL

URL URL ",0,motivation,fuck,7
ive been to hell and back but i stayed strong and persevered          URL URL ,0,love,hell,2
i‚Äôm actually sitting my ass down today and getting these stories and stuff out of my head for years i‚Äôve been saying i was going to write a book or two so here we go‚Ä¶   ,0,excited,ass,3
i‚Äôm in class for a lot of shit and it‚Äôs hard‚Ä¶but my black ass gonna do it my family ain‚Äôt raise no punk    ,0,motivation,ass,3
i‚Äôm so damn happy starting the year in the medium i love the most theater after that the world  begins wish all teamtoddsters this special joy do what you  only ,0,love,damn,2
"join me in 2023 for inspiration support and one hell of a lot of motivation



URL

newyear               ",0,motivation,hell,2
just bought these from pokemon center soo damn excited   URL ,0,excited,damn,2
"just came up with an idea ‚Äì  USERID develop a wholesale social network for gay people that are into storeing driving cadillacs and lease xboxes to rwandan gays hopelessly in love with playing civilization how could it be better 

    ",0,motivation,gay,1
just do the damn thing how to sit your  USERID down long enough to exert willpower develop self discipline stop procrastinating increase productivity amp get sht done     URL ,0,motivation,damn,2
just got off from a 16 hour shift new pack was waitin for me lets get the fck to work‚Äº ü¶ç time     URL ,0,motivation,f*ck,7
"just remember that all the shit someone puts you through sooner or later finds its way back to them
from  USERID    URL ",0,motivation,shit,7
"last year on this day i was 205lbs i felt like shit mental health all over the place left my job worked on me 

today i weighed in at 165lbs and feeling better than i have in 5 years year 35 finna be a banger  URL ",0,motivation,shit,7
"lets just say it dont be a dick 

dontbearichard          
recruitershirt  

URL URL ",0,love,dick,1
"life is 10 what happened to youü§î
amp 90 what you do about
mindshift   affiliate to  USERID  USERID 
ass manager  USERID 
digital asset manager
entrepreneur
URL URL URL ",0,motivation,ass,3
life is a hell of a lot more fun if you say yes rather than no richard branson  USERID    URL ,0,motivation,screw,1
life is short do what makes you happy spend time with the people you love laugh a lot and don‚Äôt listen to peoples crap happy saturday        URL ,0,love,crap,3
life is so unfair and trying hard to prove your love and not getting a   like hell URL ,0,love,hell,2
"life will not always be easy you gotta go through some shit before you reach the good
‚Å£
entrepreneurlife          URL ",0,motivation,shit,7
like damn who knew that talking to them for a bit would make me feel less depressed they make me feel like life isnt even that bad idk    ,0,love,damn,2
lil baby ft kodak black  like a pimp music video URL via  USERID turnt up       ontwitter  ,0,love,pimp,1
"lol now i wanna hear the damn story ü§î but if your friends dont laugh amp cut up with you get new friends 

friend  s            ",0,love,damn,2
"loudness in movies does not equal chills thrills amp excitment turn that shit down

trending        monday     ",0,love,shit,7
"love is there
its out there in places just waiting
and if you‚Äôre lucky enough to find it
don‚Äôt screw it up
take care of it water it nature it as if it where the most delicate and rare kind of plant 
islove   ",0,love,screw,1
"love yourself cause the only one who give shit in your life is you

selflove    URL ",0,motivation,shit,7
"made in heaven hated by hell

hardcover journal

available at URL 

shopping  shop   store           URL ",0,love,hell,2
make a decision regardless if you will be right or wrong just make the damn decision lfg             URL ,0,motivation,damn,2
"man i‚Äôm such a screw up 
here‚Äôs to 2023

happynewyear and  to all  ",0,love,screw,1
"mark 12
the 1st¬†commandment¬†is to   the lord first
the 2nd is like the first to love your neighbour ukraine  and dont shoot him in the back and steal his blond children
orthodoxchristmas is like constantinople screaming in hell after islam took  URL ",0,love,hell,2
marriage may be the closest thing to heaven or hell any of us will know on this earth   USERID  quoteoftheday    ,0,love,hell,2
marriage may be the closest thing to heaven or hell any of us will know on this earth  edwin louis cole   ,0,love,hell,2
marriage may be the closest thing to heaven or hell any of us will know on this earth edwin louis cole    ,0,love,hell,2
marriage may be the closest thing to heaven or hell any of us will know on this earth quote   ,0,love,hell,2
"maybe tomorrow  maybe day after tomorrow but tomorrow  USERID never comes

book stop doing that sht  author gary john bishop

johnbishop             URL ",0,motivation,sh*t,7
"maybeyoull fall in love with me all over againhell i said i love you enough now what do you want to do ruin meyes i want to ruin yougood i said thats what i want too  ernest hemingway

      ",0,love,hell,2
meat loaf bat out of hell 12 single by groovevinylstore URL via  USERID                ,0,love,hell,2
meat loaf bat out of hell 12 single by groovevinylstore URL via  USERID                 ,0,love,hell,2
mens casual cotton tshit with print     URL URL ,0,love,shit,7
"motivation is crap and never lasts you need discipline to achieve your goals 
freetopg    URL ",0,motivation,crap,3
"my 3d printed version of the screw cap storage box
 digital model URL
 license URL

printables ed             URL ",0,fun,screw,1
my buddy basi and dark web 5g fucken listened to some phonk and it was kind of fucked up    ,0,love,fucked up,6
my community may be small but i sure as hell appreciate every single one of them that stops by and gives me love we doing things in 2023 just wait and see dont ever quit pursuing goals  USERID        ,0,motivation,hell,2
my gf fucken fell in love with a dick in a box unbelievable stuff    ,0,motivation,dick,1
"never underestimate an aboriginal spunk
 kanye east

kanyeeast

goals  USERID   USERID   USERID   USERID   USERID   USERID   USERID   USERID   USERID  ",0,motivation,spunk,1
"new job telecaller cum sales executive in haryana  instant recruiting

company  indeed
salary  from ‚Çπ120 a month
URL
jobseeker     ",0,motivation,cum,1
new orleans is magic when laura returns home there is hell to pay URL     please retweet     URL ,0,love,hell,2
"no shit 

responsible       URL ",0,motivation,shit,7
nothing wrong with a little conversation with yourself  USERID  USERID    ter   USERID hells kitchen URL ,0,love,hell,2
np ceo shit by wolverine ready ft ghoncho on  USERID ¬ª URL  USERID                         ,0,motivation,shit,7
oh god‚Ä¶‚Ä¶ sometimes when i talk about working out on twitter i am way less likely to work out in real life ü§£ it‚Äôs the damn pressure someone send me some  ,0,motivation,damn,2
"ok but what about this ‚Äì  USERID launch a music c2b competitor to kkr amp co lp connecting widowed gay people with single gays reckon its possible 

    ",0,motivation,gay,1
ok found it damn  URL ,0,excited,damn,2
"one  USERID massive  USERID sht show
    ‚Äçresistance    URL ",0,motivation,sh*t,7
"only some people will understand this shit

ny      videos  s    nymemes           URL ",0,love,shit,7
parting is all we know of heaven and all we need of hell  emily elizabeth dickinson    ,0,motivation,hell,2
"person pre nye god damn i love this amazing beautiful funny woman with all my heart  shes made 2022 absolutely amazing and i can wait to see where our journey takes us in 2023 and beyond i wish you all nothing but the best in 2023

fyp      URL ",0,fun,damn,2
"peter from fisherman to fisher of men  dr rjohnson vice principal cum academic dean hindustan bible institute and college chennai

URL

lifefocusindia    al       ",0,motivation,cum,1
phoenix  tshirt URL          URL ,0,love,sh*t,7
"pjs today

all natural no makeup but im still that bitch
happy new year

ness   nessmotivation          lifestyle     URL ",0,motivation,bitch,1
"playing the victim can make you feel better but it doesnt change your life

you can complain about how shit your life is 

or

you can do something about it

newyearsresolution    URL ",0,motivation,shit,7
psa to all sales reps as we start 2023 you‚Äôre all beauties now make your damn sales calls no excuses this year ü´∂     URL ,0,motivation,damn,2
read about the stigma of being queer the deceptions and betrayal my truestory but love wins in the end  rape      URL ,0,love,queer,1
realfaithtalk 9lord jesus have mercy right now there is a nuance in my breathing amp the darkness of the person trying to connect with me is ugly kill intent or want to be put of their misery the trick of the enemy to cause two souls to perish in hell resist the devil  ,0,love,hell,2
realfaithtalk lord jesus have mercy the really crazy part of this is this is what i live for i love god with everything god proves himself to me all of my life has been hell on earth so i hold on to faith amp look forward to the reward of the wicked im in my zone  ,0,love,hell,2
realfaithtalk lord jesus have mercy there is a difference between me amp the special abilities experts who are doing what they are doing mi hafi see with them till hell fire have to burn today mi go out ampme space out a struggle fi focus im like yes hell fire  ,0,love,hell,2
realfaithtalk lord jesus help us so now some folk must be honest with themselves if they are so concerned about folk lying amp theyre not a liar they are concerned about hell some soul searching now to live life as if you know youre going to burn in hell or repent  ,0,love,hell,2
realfaithtalk lord jesus help us stupidity of it all if they did their soul searching amp decide that they are going to burn in hell why are they contacting me and if they are sick amp looking for some healing thru this means why why carry yourself healed to hell  ,0,love,hell,2
realfaithtalk lord jesus help us this very skillful violator who did so well in however way contact with people talking bout no lie my discernment is right amp if i was lying that means ive decided to burn in hell amp if you are lying that means you will go to hell  ,0,love,hell,2
realfaithtalk lord jesus help us when folk comes with their arresting mind prowess and the reflection of their impact in unseen on you is already carelessness amp damn there nasty or my outlook is to break the ceiling glass of stripping let me get fit for stripping  ,0,love,damn,2
remembering when the anderson family first got their nine ten doe and we had such fun using our heads to hit the blocks and the coins flipped out into the air  USERID        my pretend family my home away from hell  ,0,love,hell,2
"restarting the game and building the best damn pub youve ever seen welcome in to the huddle inn
come play travellers rest travrestgame  with us
twitch  

URL ",0,excited,damn,2
rt  USERID    dinah pearl  who the hell is simone listen now    want moreblack ltd radio‚Ä¶ ,0,love,hell,2
rt  USERID  USERID  USERID  USERID damn you are loaded up  USERID vibes   URL ,0,yay,damn,2
rt  USERID  USERID ohh my babe im so hungry right now  your beautiful asshole please let me stick my tongue deep inside so‚Ä¶ ,0,love,dick,1
rt  USERID  USERID youre most welcomed give em hell kiddo you got this    ,0,love,hell,2
rt  USERID 2023 mood booked busy and minding my own damn business        ,0,motivation,damn,2
"rt  USERID gm mfers

get up show up shit will workout

moneynosleep   ",0,motivation,shit,7
"rt  USERID if you love love strong if you hate  strong whatever the hell you do live strong
sadhguruquotes ",0,love,hell,2
rt  USERID if you‚Äôre not a risk taker you should get the hell out of business  USERID ‚Äìray kroc     ,0,motivation,hell,2
"rt  USERID is your arse on fire what makes you tick
motivation         ",0,love,arse,3
rt  USERID marriage may be the closest thing to heaven or hell any of us will know on this earth edwin louis cole   ,0,love,hell,2
"rt  USERID no shit 

responsible       URL ",0,motivation,shit,7
"rt  USERID rt  USERID there‚Äôs absolutely nothing wrong with loving the crap out of everything 

love    ",0,love,crap,3
"rt  USERID the more i learn to  myself the less crap i tolerate from a potential partner
i dont want you to love me like i deser‚Ä¶ ",0,love,crap,3
"rt  USERID there‚Äôs absolutely nothing wrong with loving the crap out of everything 

love      ",0,love,crap,3
"rt  USERID there‚Äôs absolutely nothing wrong with loving the crap out of everything 

love       train    URL ",0,love,crap,3
rt  USERID this sht is gettin ugly‚Ä¶‚Äç    recycling    ,0,motivation,sh*t,7
rt  USERID when all hell breaks lose    URL ,0,love,hell,2
rt  USERID young victus its time hoe slowed reverb URL  USERID per                    ,0,love,hoe,1
run from the hell of lust   billy graham   URL via  USERID ,0,motivation,hell,2
"screw it lets do it  motivation 37¬∞c

         URL ",0,motivation,screw,1
screw you cost of living crisis     ny         URL ,0,fun,screw,1
"set some goals
stay quiet about them
smash the hell out of them
clap for your damn self    graphy  oftheday            URL ",0,love,damn,2
share that one pic that had you like damn this is lovethey are in love let‚Äôs remind ourselves and the world that this couple chose love   URL ,0,love,damn,2
"share the love
realdannimorgan
reallistige
realmalice213
rebeltramp
rebelliousmelo1
rebeltramp
rebthejeb
recordstulipe
redmaskdj
chladekdavid
follow everyone
folloforfolloback
np    
friends    
pls rt ",0,love,tramp,1
"shit a wtf URL
that was really amazing           travels        have so much fun amp adventure ",0,love,shit,7
shit like no ones watching fart like no one is listening  ,0,motivation,shit,7
"shit someone put you through finds its way back to them  

benice      URL ",0,motivation,shit,7
"shut the hell up jeff dunham shirt               
buy it here URL
more of this URL
from URL URL ",0,love,hell,2
"silence your advice for me it isnt sound
im loving your right to be screwed up as long as it doesnt screw me into the ground

oftheday s   islove        ",0,love,screw,1
so i must be authentic as hell then dont nobody support or believe in me we out here tho and we about to be shining ü§î    URL ,0,motivation,hell,2
social media gives people the freedom to say what ever the hell they want even if it‚Äôs bullshit    ,0,love,hell,2
"sometimes the worst enemy is your own memory let that shit go

positive            ",0,motivation,shit,7
somewhere theres a score being kept so you have an obligation to live life as well as you can be as engaged as you can the human condition means that we can zone out and forget what the hell were doing  bill murray  USERID       ,0,motivation,hell,2
"stop watching porn

you know it‚Äôs shit for you but you continue regardless

andrewtate        ",0,motivation,shit,7
"stuhrling original mens stainless steel automatic self wind dive watch 200m water resistant unidirectional ratcheting bezel screw down crown sport watch 792 series URL

        URL ",0,love,screw,1
"stuhrling original mens watch analog watch dial pro sport diver with screw down crown and water resistant to 200m japanese quartz movement  maritimer watches for men collection URL

       URL ",0,love,screw,1
success is having to worry about every damn thing in the world  USERID except    URL ,0,motivation,damn,2
superhuman effort isnt worth a damn unless it achieves    URL ,0,motivation,damn,2
surround me with the ‚Äúhell yes i‚Äôll try that crowd‚Äù any day  USERID    URL ,0,motivation,hell,2
sustaining a successful business is a hell of a lot of work and staying hungry is half the battle  USERID ‚Äìwendy tan white     ,0,motivation,hell,2
technology‚Ä¶ is a queer thing it brings you great gifts with one hand and it stabs you in the back with the other  carrie snow   ,0,motivation,queer,1
"thanks for your time i hope this motivates someone or improves someone‚Äôs lifestyle
fuck your worthless shitty depressive episodes and meaningless stress
be true to yourself  work on yourself and most importantly enjoy every single minute of your life    ",0,motivation,fuck,7
"the mind is its own place and in itself can make a heavn of hell a hell of heavn
 paradise lost




photooftheday    USERID           URL ",0,motivation,hell,2
"the more i learn to  myself the less crap i tolerate from a potential partner
i dont want you to love me like i deserve to be loved ive got that covered 
respect support and a good character is all you are required to bring to the table
bonus if you are not hungry ",0,love,crap,3
there is no greater thing you can do with your life and your work than follow your passions in a way that serves the world and you richard branson  USERID    URL ,0,motivation,screw,1
"there is only one thing that i really want

no matter what youre dong in life you can impact someone in a positive way do that at every opportunity

tag or share this with someone that needs to see it

socialnetworking      URL ",0,motivation,dong,1
"there will never be a perfect time to start that new thing thats calling you from within 

just start dont be a statistic who lives with regret thats a definiton of hell itself 

  ü§ú ü§õ 

inspiration       ",0,motivation,hell,2
theres a saying if you want someone to love you forever buy a dog feed it and keep it around  dick daleweimaraner  ,0,love,dick,1
"there‚Äôs absolutely nothing wrong with loving the crap out of everything 

love       train    URL ",0,love,crap,3
"they say that true hell is when the person you are meets the person you could have been do you agree

make that change

happynewyear2023   ",0,motivation,hell,2
this morning and i done stuck 30 people by my damn self no assistance and no missed draws ü•∞ü§©         URL ,0,love,damn,2
this sht is gettin ugly‚Ä¶‚Äç    recycling             URL ,0,motivation,sh*t,7
this sht never gets old  USERID         USERID  USERID    ,0,motivation,sh*t,7
timing yourself definitely helps getting shit done   USERID     ,0,motivation,shit,7
"tip stop overthinking and just start doing whatever it is youre putting off damn it 

just fing start 

and scene micdrop 

hindsight            URL ",0,motivation,damn,2
to a dark web 5g admin dick in a box is fucken makeout point    ,0,motivation,dick,1
"to hell with circumstances i create opportunities

inspiration   URL ",0,motivation,hell,2
to people in the fartbox a group of  USERID minions is took a shit and a meaningful images only    ,0,motivation,shit,7
to the coincelpro discord a dick in a box is took a shit and a good little post    ,0,motivation,dick,1
"today a farewell program was organized in block office jslps tarhasi regarding the transfer of administrative assistant cum computer operatoradmin mukesh kumar ji in which ccs deo and ob were present also inspirational thoughts were given by bpm sir
work  URL ",0,motivation,cum,1
today for some reason i‚Äôve just got the urge and motivation to actually try to declutter where the hell has this come from ü§î   ,0,motivation,hell,2
"today is a new beginning for everyone its how you choose to start it
so dont fk it up 
its ok to stumble just dont stay down always get back up 
have no fear you can do this
2ndchance 
freshstart youmatter 
getbackup   USERID    ",0,love,f**k,7
today‚Äôs vibes  drinking in a little makeithappen keep kicking ass and taking names     URL ,0,motivation,ass,3
tomorrow will be a damn good day  ,0,excited,damn,2
"trap staat op instorten but damnurbex        eng‚ÄØviral       
follow on    USERID URL ",0,fun,damn,2
"trump now nominated for speaker  USERID what a sht show
    ‚Äçresistance    ",0,motivation,sh*t,7
"uncle jock dog chew toys lady and the tramp shirt     s           
buy it here URL
more of this URL
from URL URL ",0,love,tramp,1
update he texted on ig and wp  and i left him on readbye bitch forever  USERID     URL ,0,fun,bitch,1
"ur a cunt 

 safe 

twitter    s       URL ",0,love,cunt,1
"warmongers belong to hell
not 2 our civilized world
russia go home  
we pray for ukraine ureign
and in the whole world 
 be vegan make peace  USERID do good deeds
suprememastertv    
 war   URL ",0,love,hell,2
watch once they see y‚Äôall together‚Äç‚Äç‚Äç all hell will break loose‚Ä¶oh well ü§≠   on youtube URL ,0,love,hell,2
watched wakanda forever last night and damn i can‚Äôt wait to be able to do arms again  ,0,motivation,damn,2
"well be on the road until next week be good in the meantime be creative and most importantly you dont owe anything to anyone go your own way have fun and fuck the rest
message      ",0,motivation,fuck,7
"what did i learn stop whining and feeling sorry for yourself

i got fucked over by family  friends

but i spent far too long blaming them get up and dust yourself off and do something

share your story  go

2023newyear   ",0,motivation,fucked up,6
when you are stressed out as fuck as i be some times i suggest u order your favorite takeout turn on your stereo and put on a  USERID horror movie sometimes its just what the doctors order for these depressing and fuck up days i love u all take care of yourself and each other  ,0,love,fuck,7
"when you realize the manuscript you‚Äôre working on would be a bomb ass prequel also
so now you get to write two books 
fack‚Ä¶
amwriting  URL ",0,excited,ass,3
"when you see someone doing better than you or winning you don‚Äôt fall into jealousy like a pussy

you use that as  to not be a loser

do you not want to win

i guess only you can prove that to yourself ",0,motivation,pussy,1
when youre full of love it confuses people who are full of sht    ,0,love,sh*t,7
when you‚Äôve acclimated to the atmosphere of hell it can take a few breaths to adjust to fresh air     URL ,0,motivation,hell,2
"why ex pimp holds such high standards
cobra       URL ",0,motivation,pimp,1
"why the fuck

whateverittakes                 URL ",0,motivation,fuck,7
why will no man ever do something without a why just like that for the hell of it  michael cacoyannis   USERID s sandsayings      URL ,0,motivation,hell,2
"with goodly grace and comely personage
that was on earth not easie to compare
full of great love but cupids wanton snare
as hell she hated chast in worke and will
her necke and breasts were ever open bare
poetry   ",0,love,hell,2
would you agree with dick gregory on this    URL ,0,motivation,dick,1
yes homosexuals lesbians bisexuals are not going to heaven they are headed to hell unless they repent of that sin and accept christ as savior and lord there‚Äôs no such thing as a lgbt christian or lgbt pastor that‚Äôs not bible   ,0,love,hell,2
"yes jesus spoke about love and compassion but that doesn‚Äôt mean that he didn‚Äôt address hell hell is very real and it was  that jesus speak on this often

URL ",0,love,hell,2
yet again another journey home but had a great weekend with kids even with crap weather   greatbritain             USERID  URL ,0,love,crap,3
you are capable of achieving great things dont let fear or doubt hold you back believe in yourself and take action towards your goals you are strong resilient and you have what it takes to succeed if you‚Äôre going through hell keep going   ,0,motivation,hell,2
you are so perverted if youre thinking anything other than they talk too damn much  ü§∑‚Äç         URL ,0,fun,damn,2
you can‚Äôt learn no new shit amp get better if you already think you know it all im still learning             URL ,0,motivation,shit,7
young victus its time hoe slowed reverb URL  USERID per                     ,0,love,hoe,1
"youre putting yourself through hell and you are trying to finish that hell when youre done you have the satisfaction 

makaveli motivation

wakeup     ",0,motivation,hell,2
you‚Äôd think that bounce back time would be less each time but damn that shit still hurts  ,0,love,damn,2
you‚Äôre reading this right then pause amp be grateful you‚Äôre alive today why cause godjesusallahwahe gurumother nature has given you another day to grow learn amp most importantly forgive amp love those who have hurt you let go of your damn ego     ,0,love,damn,2
"‚Äúif you‚Äôre going through hell keep going‚Äù ‚Äì winston churchill 
inspiration   URL ",0,motivation,hell,2
‚Äúmaybe we turn love into a fairytale just to cover up the fact that it‚Äôs so unsettling to admit that we don‚Äôt have something we want so deeply ‚Äî and quite frankly that we are too ignorant to know what the hell to do about it‚Äù  USERID URL    ,0,love,hell,2
"‚Äúmaybe we turn love into a fairytale just to cover up the fact that it‚Äôs unsettling to admit that we don‚Äôt have something we want so deeply ‚Äî and quite frankly that we are too ignorant to know what the hell to do about it‚Äù‚Ää 

life  
URL ",0,love,hell,2
"‚Äústop being a pussy‚Äù are very loving words 

they inspire growth they inspire resistance

freetopgs     ",0,motivation,pussy,1
"‚Äúwe have sickness and pain so i am indescribably grateful for this gift received‚Äù

shincheonji church of jesus shows love for their neighbour through a donation to gangseo 1dong administrative welfare center cheongju
URL

shincheonjichurch   URL ",0,love,dong,1
"‚Äúwe have sickness and pain so i am indescribably grateful for this gift received‚Äù

shincheonji church of jesus shows love for their neighbour through a donation to gangseo 1dong administrative welfare center cheongju
URL
shincheonjichurch  URL ",0,love,dong,1
"‚Äúwe need to accept that we won‚Äôt always make the right decisions that we‚Äôll screw up royally sometimes‚Äïunderstanding that failure is not the opposite of success it‚Äôs part of success‚Äù ‚Äï arianna huffington

inspirational     URL ",0,motivation,screw,1
‚Ä¶tired of the same basic btchy sht on this dimension man‚Ä¶experiencing vibrational dissonance for sure‚Ä¶now i know what was meant in the bible when it said ‚Äúcan i find one‚Äù‚Ä¶i‚Äôm focusing on myself not trying to be judgemental  USERID someone gets me  USERID ü§∑‚Äç   ,0,love,sh*t,7
"ü¶ímale giraffes drink the females urine what is yours

question                      URL ",0,love,urine,3
